{
   "1": {
      "Star": 0.706168819300616,
      "Solid": 0.930197448189841
   },
   "2": {
      "Star": 0.650658265618361,
      "Solid": 0.87588720254023
   },
   "3": {
      "Star": 0.59743175018175,
      "Solid": 0.823454482145983
   },
   "4": {
      "Star": 0.546545939562708,
      "Solid": 0.77294783421181
   },
   "5": {
      "Star": 0.49805750033316,
      "Solid": 0.72441580594242
   },
   "6": {
      "Star": 0.45202309906503,
      "Solid": 0.677906944542525
   },
   "7": {
      "Star": 0.408499402330243,
      "Solid": 0.633469797216834
   },
   "8": {
      "Star": 0.367543076700724,
      "Solid": 0.591152911170057
   },
   "9": {
      "Star": 0.329252721726148,
      "Solid": 0.551015962072795
   },
   "10": {
      "Star": 0.293588516625277,
      "Solid": 0.513006994843486
   },
   "11": {
      "Star": 0.260399497473669,
      "Solid": 0.477007110558592
   },
   "12": {
      "Star": 0.229534700346881,
      "Solid": 0.442897410294575
   },
   "13": {
      "Star": 0.200843161320472,
      "Solid": 0.410558995127898
   },
   "14": {
      "Star": 0.174173916469998,
      "Solid": 0.379872966135023
   },
   "15": {
      "Star": 0.149376001871016,
      "Solid": 0.350720424392412
   },
   "16": {
      "Star": 0.127736056544071,
      "Solid": 0.324178332885853
   },
   "17": {
      "Star": 0.110188302836061,
      "Solid": 0.30102495880506
   },
   "18": {
      "Star": 0.0960531518120774,
      "Solid": 0.280693359532396
   },
   "19": {
      "Star": 0.0846510145372102,
      "Solid": 0.262616592450219
   },
   "20": {
      "Star": 0.0753023020765497,
      "Solid": 0.24622771494089
   },
   "21": {
      "Star": 0.0673274254951862,
      "Solid": 0.230959784386769
   },
   "22": {
      "Star": 0.0600467958582103,
      "Solid": 0.216245858170215
   },
   "23": {
      "Star": 0.0527808242307121,
      "Solid": 0.201518993673588
   },
   "24": {
      "Star": 0.0469332816546394,
      "Solid": 0.187102962274291
   },
   "25": {
      "Star": 0.0438261218115948,
      "Solid": 0.17367348159696
   },
   "26": {
      "Star": 0.0426570297261511,
      "Solid": 0.161191528394809
   },
   "27": {
      "Star": 0.0426236904228809,
      "Solid": 0.149618079421053
   },
   "28": {
      "Star": 0.0429237889263569,
      "Solid": 0.138914111428905
   },
   "29": {
      "Star": 0.042755010261152,
      "Solid": 0.129040601171578
   },
   "30": {
      "Star": 0.0413150394518387,
      "Solid": 0.119958525402287
   },
   "31": {
      "Star": 0.0395110062061609,
      "Solid": 0.112176057307037
   },
   "32": {
      "Star": 0.0386104243457093,
      "Solid": 0.105996268124609
   },
   "33": {
      "Star": 0.0383515550658276,
      "Solid": 0.101072481687384
   },
   "34": {
      "Star": 0.0384726595618593,
      "Solid": 0.097058021827743
   },
   "35": {
      "Star": 0.0387119990291478,
      "Solid": 0.0936062123780673
   },
   "36": {
      "Star": 0.0388078346630369,
      "Solid": 0.0903703771707375
   },
   "37": {
      "Star": 0.0384984276588699,
      "Solid": 0.0870038400381344
   },
   "38": {
      "Star": 0.0375220392119905,
      "Solid": 0.0831599248126388
   },
   "39": {
      "Star": 0.0360958090152653,
      "Solid": 0.0794664010190823
   },
   "40": {
      "Star": 0.034620544915039,
      "Solid": 0.076589223476276
   },
   "41": {
      "Star": 0.0331100103368722,
      "Solid": 0.0742389939575712
   },
   "42": {
      "Star": 0.0315779687063253,
      "Solid": 0.0721263142363189
   },
   "43": {
      "Star": 0.0300381834489589,
      "Solid": 0.0699617860858701
   },
   "44": {
      "Star": 0.0285044179903335,
      "Solid": 0.0674560112795759
   },
   "45": {
      "Star": 0.0269904357560097,
      "Solid": 0.0643195915907872
   },
   "46": {
      "Star": 0.0254941840287031,
      "Solid": 0.0609016369870109
   },
   "47": {
      "Star": 0.023999454928473,
      "Solid": 0.0576958411602392
   },
   "48": {
      "Star": 0.0224987791368951,
      "Solid": 0.0546296814705512
   },
   "49": {
      "Star": 0.020984687335545,
      "Solid": 0.0516306352780261
   },
   "50": {
      "Star": 0.0194497102059987,
      "Solid": 0.0486261799427429
   },
   "51": {
      "Star": 0.0178863784298317,
      "Solid": 0.045543792824781
   },
   "52": {
      "Star": 0.0162872226886198,
      "Solid": 0.0423109512842193
   },
   "53": {
      "Star": 0.0146447736639388,
      "Solid": 0.0388551326811371
   },
   "54": {
      "Star": 0.012962520000164,
      "Solid": 0.0351850055735852
   },
   "55": {
      "Star": 0.0112506510625707,
      "Solid": 0.0313758388010224
   },
   "56": {
      "Star": 0.00951174861408445,
      "Solid": 0.0274550101456392
   },
   "57": {
      "Star": 0.00774839441763098,
      "Solid": 0.0234498973896263
   },
   "58": {
      "Star": 0.00596317023613595,
      "Solid": 0.0193878783151745
   },
   "59": {
      "Star": 0.00415865783252501,
      "Solid": 0.0152963307044744
   },
   "60": {
      "Star": 0.00233743896972381,
      "Solid": 0.0112026323397167
   }
}
